--------------------------------------------------------
--  File created - Monday-February-24-2014   
--------------------------------------------------------
--------------------------------------------------------
--  DDL for Table ACCOUNT
--------------------------------------------------------

  CREATE TABLE "PASSVAULTPROD"."ACCOUNT" 
   (	"ID" NUMBER(19,0), 
	"VERSION" NUMBER(19,0), 
	"ACT_TYPE_ID" NUMBER(19,0), 
	"BYTE_PASSWORD" RAW(255), 
	"EMAIL" VARCHAR2(255 CHAR), 
	"PASSWORD" VARCHAR2(255 CHAR), 
	"PIN" VARCHAR2(255 CHAR), 
	"SALT" VARCHAR2(64 CHAR), 
	"SEC_USER_ID" NUMBER(19,0), 
	"SECURITY" NUMBER(10,0), 
	"USERNAME" VARCHAR2(255 CHAR)
   );
--------------------------------------------------------
--  DDL for Table ACCOUNT_CATEGORY
--------------------------------------------------------

  CREATE TABLE "ACCOUNT_CATEGORY" 
   (	"ID" NUMBER(19,0), 
	"VERSION" NUMBER(19,0), 
	"CAT_NAME" VARCHAR2(255 CHAR), 
	"CAT_SECURITY" NUMBER(10,0)
   ) SEGMENT CREATION IMMEDIATE 
  PCTFREE 10 PCTUSED 40 INITRANS 1 MAXTRANS 255 NOCOMPRESS LOGGING
  STORAGE(INITIAL 65536 NEXT 1048576 MINEXTENTS 1 MAXEXTENTS 2147483645
  PCTINCREASE 0 FREELISTS 1 FREELIST GROUPS 1 BUFFER_POOL DEFAULT FLASH_CACHE DEFAULT CELL_FLASH_CACHE DEFAULT)
   ;
--------------------------------------------------------
--  DDL for Table ACCOUNT_TYPE
--------------------------------------------------------

  CREATE TABLE "ACCOUNT_TYPE" 
   (	"ID" NUMBER(19,0), 
	"VERSION" NUMBER(19,0), 
	"ACT_SECURITY" NUMBER(10,0), 
	"CATEGORY_ID" NUMBER(19,0), 
	"SERV_NAME" VARCHAR2(255 CHAR), 
	"URL" VARCHAR2(255 CHAR)
   ) SEGMENT CREATION IMMEDIATE 
  PCTFREE 10 PCTUSED 40 INITRANS 1 MAXTRANS 255 NOCOMPRESS LOGGING
  STORAGE(INITIAL 65536 NEXT 1048576 MINEXTENTS 1 MAXEXTENTS 2147483645
  PCTINCREASE 0 FREELISTS 1 FREELIST GROUPS 1 BUFFER_POOL DEFAULT FLASH_CACHE DEFAULT CELL_FLASH_CACHE DEFAULT)
   ;
--------------------------------------------------------
--  DDL for Table SEC_ROLE
--------------------------------------------------------

  CREATE TABLE "SEC_ROLE" 
   (	"ID" NUMBER(19,0), 
	"VERSION" NUMBER(19,0), 
	"AUTHORITY" VARCHAR2(255 CHAR)
   ) SEGMENT CREATION IMMEDIATE 
  PCTFREE 10 PCTUSED 40 INITRANS 1 MAXTRANS 255 NOCOMPRESS LOGGING
  STORAGE(INITIAL 65536 NEXT 1048576 MINEXTENTS 1 MAXEXTENTS 2147483645
  PCTINCREASE 0 FREELISTS 1 FREELIST GROUPS 1 BUFFER_POOL DEFAULT FLASH_CACHE DEFAULT CELL_FLASH_CACHE DEFAULT)
   ;
--------------------------------------------------------
--  DDL for Table SEC_USER
--------------------------------------------------------

  CREATE TABLE "SEC_USER" 
   (	"ID" NUMBER(19,0), 
	"VERSION" NUMBER(19,0), 
	"ACCOUNT_EXPIRED" NUMBER(1,0), 
	"ACCOUNT_LOCKED" NUMBER(1,0), 
	"DATE_CREATED" TIMESTAMP (6), 
	"EMAIL" VARCHAR2(255 CHAR), 
	"ENABLED" NUMBER(1,0), 
	"LAST_LOGGED_IN" TIMESTAMP (6), 
	"LAST_UPDATE" TIMESTAMP (6), 
	"LOGIN_ATTEMPTS" NUMBER(10,0), 
	"PASSWORD" VARCHAR2(255 CHAR), 
	"PASSWORD_EXPIRED" NUMBER(1,0), 
	"SALT" VARCHAR2(64 CHAR), 
	"USERNAME" VARCHAR2(255 CHAR), 
	"TWO_FACTOR_PIN" VARCHAR2(255 BYTE), 
	"AUTH_TWO_FACTOR" VARCHAR2(1 BYTE)
   ) SEGMENT CREATION IMMEDIATE 
  PCTFREE 10 PCTUSED 40 INITRANS 1 MAXTRANS 255 NOCOMPRESS LOGGING
  STORAGE(INITIAL 65536 NEXT 1048576 MINEXTENTS 1 MAXEXTENTS 2147483645
  PCTINCREASE 0 FREELISTS 1 FREELIST GROUPS 1 BUFFER_POOL DEFAULT FLASH_CACHE DEFAULT CELL_FLASH_CACHE DEFAULT)
   ;
--------------------------------------------------------
--  DDL for Table SEC_USER_SEC_ROLE
--------------------------------------------------------

  CREATE TABLE "SEC_USER_SEC_ROLE" 
   (	"SEC_ROLE_ID" NUMBER(19,0), 
	"SEC_USER_ID" NUMBER(19,0)
   ) SEGMENT CREATION IMMEDIATE 
  PCTFREE 10 PCTUSED 40 INITRANS 1 MAXTRANS 255 NOCOMPRESS LOGGING
  STORAGE(INITIAL 65536 NEXT 1048576 MINEXTENTS 1 MAXEXTENTS 2147483645
  PCTINCREASE 0 FREELISTS 1 FREELIST GROUPS 1 BUFFER_POOL DEFAULT FLASH_CACHE DEFAULT CELL_FLASH_CACHE DEFAULT)
   ;
REM INSERTING into PASSVAULTPROD.ACCOUNT
SET DEFINE OFF;
Insert into PASSVAULTPROD.ACCOUNT (ID,VERSION,ACT_TYPE_ID,BYTE_PASSWORD,EMAIL,PASSWORD,PIN,SALT,SEC_USER_ID,SECURITY,USERNAME) values (21,0,16,'385075667A423154775366374E4F644779626C757152366A686E59412B7A593264713455416A4C505A2B733D','bmwagner10@gmail.com','DjAA7eBa3p1YxoGMPv+oAg==','ca2defaff2a3f3a54f33ba5307b38ef02c8ef1f40ba56b9c2eff220d5a83f0d8','4AIjWv5i3tkRzuoZBSYpdSIuIjellddTgIIxEGEEcFf29XZyUp9OR6dBOygwI+r1',6,10,'bwagner');
Insert into PASSVAULTPROD.ACCOUNT (ID,VERSION,ACT_TYPE_ID,BYTE_PASSWORD,EMAIL,PASSWORD,PIN,SALT,SEC_USER_ID,SECURITY,USERNAME) values (19,0,11,'734F6159326639543963747856704D6566336141316E344F7A695173362F6A4C337774465070552B73776E72365263505437432F6E413D3D','bmwagner10@gmail.com','spCN3Hs04lpjI4eqt/ztBRcjSKx9nIc6','79b79bda6afae4edb6e309d6a174d2496799b414a44d622e6349183cd3092bac','lTInRkiENFoySNYXrGxTMSIVYedkNGWfnWIJl/lGhv2Q71LW3nwdjwjFNJjJ1p1/',6,5,'bwagner');
Insert into PASSVAULTPROD.ACCOUNT (ID,VERSION,ACT_TYPE_ID,BYTE_PASSWORD,EMAIL,PASSWORD,PIN,SALT,SEC_USER_ID,SECURITY,USERNAME) values (20,0,14,'69524570434C6D2F7739596E64554F7562386A776A39456A374B596C61715666367776566E75754E696C673D','bmwagner10@gmail.com','bSugCP1JxljIfy4hrIh5zQ==','779e06923726c4f00fafa5782d85d3d99b17602cfb9300025f5974b938ff2609','0ixjxiA7fwlJCkSTIdBE9/egHwDPUvIOFdcCUxeilrnt79NHr2xOne7cvqUMOKJg',6,10,'bwagner');
Insert into PASSVAULTPROD.ACCOUNT (ID,VERSION,ACT_TYPE_ID,BYTE_PASSWORD,EMAIL,PASSWORD,PIN,SALT,SEC_USER_ID,SECURITY,USERNAME) values (23,1,15,'6F577568767A587476326A39504173494F5138736B636F6E2B74495771525250754A774C334E4730676D633D','bmwagner10@gmail.com','TK5P4MED04HkvfsZEqVvuQ==','592f3396a2ff425b0eef5b05eab3c37c7587b26ec6dc527a6281b8f9e59a4442','DR/XXbp2ungM+bddivnBVfVh5No5FWVLWmWJp/VLOhKJAXBYjzOYfV+4G87WuVIe',6,5,'bwagner');
REM INSERTING into PASSVAULTPROD.ACCOUNT_CATEGORY
SET DEFINE OFF;
Insert into PASSVAULTPROD.ACCOUNT_CATEGORY (ID,VERSION,CAT_NAME,CAT_SECURITY) values (8,0,'Social Media',5);
Insert into PASSVAULTPROD.ACCOUNT_CATEGORY (ID,VERSION,CAT_NAME,CAT_SECURITY) values (9,1,'Banking',9);
Insert into PASSVAULTPROD.ACCOUNT_CATEGORY (ID,VERSION,CAT_NAME,CAT_SECURITY) values (10,0,'E-Commerce',8);
REM INSERTING into PASSVAULTPROD.ACCOUNT_TYPE
SET DEFINE OFF;
Insert into PASSVAULTPROD.ACCOUNT_TYPE (ID,VERSION,ACT_SECURITY,CATEGORY_ID,SERV_NAME,URL) values (11,0,5,8,'Facebook','http://facebook.com');
Insert into PASSVAULTPROD.ACCOUNT_TYPE (ID,VERSION,ACT_SECURITY,CATEGORY_ID,SERV_NAME,URL) values (12,0,5,8,'Twitter','http://twitter.com');
Insert into PASSVAULTPROD.ACCOUNT_TYPE (ID,VERSION,ACT_SECURITY,CATEGORY_ID,SERV_NAME,URL) values (13,0,10,9,'BB&T','http://bbt.com');
Insert into PASSVAULTPROD.ACCOUNT_TYPE (ID,VERSION,ACT_SECURITY,CATEGORY_ID,SERV_NAME,URL) values (14,0,10,9,'Ally Bank','http://ally.com');
Insert into PASSVAULTPROD.ACCOUNT_TYPE (ID,VERSION,ACT_SECURITY,CATEGORY_ID,SERV_NAME,URL) values (15,0,7,10,'Ebay','http://ebay.com');
Insert into PASSVAULTPROD.ACCOUNT_TYPE (ID,VERSION,ACT_SECURITY,CATEGORY_ID,SERV_NAME,URL) values (16,0,8,10,'Amazon','http://amazon.com');
REM INSERTING into PASSVAULTPROD.SEC_ROLE
SET DEFINE OFF;
Insert into PASSVAULTPROD.SEC_ROLE (ID,VERSION,AUTHORITY) values (3,0,'ROLE_USER');
Insert into PASSVAULTPROD.SEC_ROLE (ID,VERSION,AUTHORITY) values (4,0,'ROLE_ADMIN');
Insert into PASSVAULTPROD.SEC_ROLE (ID,VERSION,AUTHORITY) values (7,0,'ROLE_TWO_FACTOR_AUTHENTICATED');
REM INSERTING into PASSVAULTPROD.SEC_USER
SET DEFINE OFF;
Insert into PASSVAULTPROD.SEC_USER (ID,VERSION,ACCOUNT_EXPIRED,ACCOUNT_LOCKED,DATE_CREATED,EMAIL,ENABLED,LAST_LOGGED_IN,LAST_UPDATE,LOGIN_ATTEMPTS,PASSWORD,PASSWORD_EXPIRED,SALT,USERNAME,TWO_FACTOR_PIN,AUTH_TWO_FACTOR) values (5,0,0,0,to_timestamp('02-DEC-13 08.37.33.374000000 PM','DD-MON-RR HH.MI.SSXFF AM'),'brandon@brandonwagner.info',1,to_timestamp('02-DEC-13 08.37.33.205000000 PM','DD-MON-RR HH.MI.SSXFF AM'),to_timestamp('02-DEC-13 08.37.33.205000000 PM','DD-MON-RR HH.MI.SSXFF AM'),0,'7539888860961e57f13a9ad7eb853c3aa53b33f0ac2d292f6d8a2a87b30b4bba',0,'F1bwoV8CZfsPBz65BACUDKCG9ZzxWzmbx0whsQpjvbu69HfLp6Nl7tnMTYeiLAtj','admin',null,null);
Insert into PASSVAULTPROD.SEC_USER (ID,VERSION,ACCOUNT_EXPIRED,ACCOUNT_LOCKED,DATE_CREATED,EMAIL,ENABLED,LAST_LOGGED_IN,LAST_UPDATE,LOGIN_ATTEMPTS,PASSWORD,PASSWORD_EXPIRED,SALT,USERNAME,TWO_FACTOR_PIN,AUTH_TWO_FACTOR) values (6,104,0,0,to_timestamp('02-DEC-13 08.38.13.221000000 PM','DD-MON-RR HH.MI.SSXFF AM'),'bmwagner10@gmail.com',1,to_timestamp('08-DEC-13 10.38.53.443000000 AM','DD-MON-RR HH.MI.SSXFF AM'),null,0,'073adecec8922d8bab2594ffddb5d75df200f443c0eecf6f189ee6831256cdee',0,'fdI1o7Fihom/CgqLXItbfaQLsz80JOl3XZx5AUh1ohnvR7oQnGOC4D4hq7hfDqoE','bwagner','97281faeb348a40a05c9f4eb2224cdcb4aa7f3f9','0');
Insert into PASSVAULTPROD.SEC_USER (ID,VERSION,ACCOUNT_EXPIRED,ACCOUNT_LOCKED,DATE_CREATED,EMAIL,ENABLED,LAST_LOGGED_IN,LAST_UPDATE,LOGIN_ATTEMPTS,PASSWORD,PASSWORD_EXPIRED,SALT,USERNAME,TWO_FACTOR_PIN,AUTH_TWO_FACTOR) values (17,5,0,0,to_timestamp('03-DEC-13 07.31.49.704000000 PM','DD-MON-RR HH.MI.SSXFF AM'),'ewilli21@gmu.edu',1,to_timestamp('08-DEC-13 05.28.15.890000000 PM','DD-MON-RR HH.MI.SSXFF AM'),null,0,'e1e3b0f2b6bc5c10cea4dca13371bf13ea3eb74b0fd003ee3348249502a82e37',0,'R3obpNLbf3tBfL4WuCeVazpe8wQVY5Z3UQyA+3ah9gE3A9SOkgzA2mK6Jj7Xlkzf','ewilli21','0b22163d8bb04cdcf9c14e741824a78c9794c4ef','1');
REM INSERTING into PASSVAULTPROD.SEC_USER_SEC_ROLE
SET DEFINE OFF;
Insert into PASSVAULTPROD.SEC_USER_SEC_ROLE (SEC_ROLE_ID,SEC_USER_ID) values (4,5);
--------------------------------------------------------
--  DDL for Index ACCOUNTPK
--------------------------------------------------------

  CREATE UNIQUE INDEX "ACCOUNTPK" ON "ACCOUNT" ("ID") 
  PCTFREE 10 INITRANS 2 MAXTRANS 255 COMPUTE STATISTICS 
  STORAGE(INITIAL 65536 NEXT 1048576 MINEXTENTS 1 MAXEXTENTS 2147483645
  PCTINCREASE 0 FREELISTS 1 FREELIST GROUPS 1 BUFFER_POOL DEFAULT FLASH_CACHE DEFAULT CELL_FLASH_CACHE DEFAULT)
   ;
--------------------------------------------------------
--  DDL for Index ACCOUNT_CATEGPK
--------------------------------------------------------

  CREATE UNIQUE INDEX "ACCOUNT_CATEGPK" ON "ACCOUNT_CATEGORY" ("ID") 
  PCTFREE 10 INITRANS 2 MAXTRANS 255 COMPUTE STATISTICS 
  STORAGE(INITIAL 65536 NEXT 1048576 MINEXTENTS 1 MAXEXTENTS 2147483645
  PCTINCREASE 0 FREELISTS 1 FREELIST GROUPS 1 BUFFER_POOL DEFAULT FLASH_CACHE DEFAULT CELL_FLASH_CACHE DEFAULT)
   ;
--------------------------------------------------------
--  DDL for Index CAT_NAME_UNIQ_1385618922646
--------------------------------------------------------

  CREATE UNIQUE INDEX "CAT_NAME_UNIQ_1385618922646" ON "ACCOUNT_CATEGORY" ("CAT_NAME") 
  PCTFREE 10 INITRANS 2 MAXTRANS 255 COMPUTE STATISTICS 
  STORAGE(INITIAL 65536 NEXT 1048576 MINEXTENTS 1 MAXEXTENTS 2147483645
  PCTINCREASE 0 FREELISTS 1 FREELIST GROUPS 1 BUFFER_POOL DEFAULT FLASH_CACHE DEFAULT CELL_FLASH_CACHE DEFAULT)
   ;
--------------------------------------------------------
--  DDL for Index ACCOUNT_TYPEPK
--------------------------------------------------------

  CREATE UNIQUE INDEX "ACCOUNT_TYPEPK" ON "ACCOUNT_TYPE" ("ID") 
  PCTFREE 10 INITRANS 2 MAXTRANS 255 COMPUTE STATISTICS 
  STORAGE(INITIAL 65536 NEXT 1048576 MINEXTENTS 1 MAXEXTENTS 2147483645
  PCTINCREASE 0 FREELISTS 1 FREELIST GROUPS 1 BUFFER_POOL DEFAULT FLASH_CACHE DEFAULT CELL_FLASH_CACHE DEFAULT)
   ;
--------------------------------------------------------
--  DDL for Index SEC_ROLEPK
--------------------------------------------------------

  CREATE UNIQUE INDEX "SEC_ROLEPK" ON "SEC_ROLE" ("ID") 
  PCTFREE 10 INITRANS 2 MAXTRANS 255 COMPUTE STATISTICS 
  STORAGE(INITIAL 65536 NEXT 1048576 MINEXTENTS 1 MAXEXTENTS 2147483645
  PCTINCREASE 0 FREELISTS 1 FREELIST GROUPS 1 BUFFER_POOL DEFAULT FLASH_CACHE DEFAULT CELL_FLASH_CACHE DEFAULT)
   ;
--------------------------------------------------------
--  DDL for Index AUTHORITY_UNIQ_1385618922655
--------------------------------------------------------

  CREATE UNIQUE INDEX "AUTHORITY_UNIQ_1385618922655" ON "SEC_ROLE" ("AUTHORITY") 
  PCTFREE 10 INITRANS 2 MAXTRANS 255 COMPUTE STATISTICS 
  STORAGE(INITIAL 65536 NEXT 1048576 MINEXTENTS 1 MAXEXTENTS 2147483645
  PCTINCREASE 0 FREELISTS 1 FREELIST GROUPS 1 BUFFER_POOL DEFAULT FLASH_CACHE DEFAULT CELL_FLASH_CACHE DEFAULT)
   ;
--------------------------------------------------------
--  DDL for Index SEC_USERPK
--------------------------------------------------------

  CREATE UNIQUE INDEX "SEC_USERPK" ON "SEC_USER" ("ID") 
  PCTFREE 10 INITRANS 2 MAXTRANS 255 COMPUTE STATISTICS 
  STORAGE(INITIAL 65536 NEXT 1048576 MINEXTENTS 1 MAXEXTENTS 2147483645
  PCTINCREASE 0 FREELISTS 1 FREELIST GROUPS 1 BUFFER_POOL DEFAULT FLASH_CACHE DEFAULT CELL_FLASH_CACHE DEFAULT)
   ;
--------------------------------------------------------
--  DDL for Index EMAIL_UNIQ_1385618922657
--------------------------------------------------------

  CREATE UNIQUE INDEX "EMAIL_UNIQ_1385618922657" ON "SEC_USER" ("EMAIL") 
  PCTFREE 10 INITRANS 2 MAXTRANS 255 COMPUTE STATISTICS 
  STORAGE(INITIAL 65536 NEXT 1048576 MINEXTENTS 1 MAXEXTENTS 2147483645
  PCTINCREASE 0 FREELISTS 1 FREELIST GROUPS 1 BUFFER_POOL DEFAULT FLASH_CACHE DEFAULT CELL_FLASH_CACHE DEFAULT)
   ;
--------------------------------------------------------
--  DDL for Index USERNAME_UNIQ_1385618922659
--------------------------------------------------------

  CREATE UNIQUE INDEX "USERNAME_UNIQ_1385618922659" ON "SEC_USER" ("USERNAME") 
  PCTFREE 10 INITRANS 2 MAXTRANS 255 COMPUTE STATISTICS 
  STORAGE(INITIAL 65536 NEXT 1048576 MINEXTENTS 1 MAXEXTENTS 2147483645
  PCTINCREASE 0 FREELISTS 1 FREELIST GROUPS 1 BUFFER_POOL DEFAULT FLASH_CACHE DEFAULT CELL_FLASH_CACHE DEFAULT)
   ;
--------------------------------------------------------
--  DDL for Index SEC_USER_SEC_PK
--------------------------------------------------------

  CREATE UNIQUE INDEX "SEC_USER_SEC_PK" ON "SEC_USER_SEC_ROLE" ("SEC_ROLE_ID", "SEC_USER_ID") 
  PCTFREE 10 INITRANS 2 MAXTRANS 255 COMPUTE STATISTICS 
  STORAGE(INITIAL 65536 NEXT 1048576 MINEXTENTS 1 MAXEXTENTS 2147483645
  PCTINCREASE 0 FREELISTS 1 FREELIST GROUPS 1 BUFFER_POOL DEFAULT FLASH_CACHE DEFAULT CELL_FLASH_CACHE DEFAULT)
   ;
--------------------------------------------------------
--  Constraints for Table ACCOUNT
--------------------------------------------------------

  ALTER TABLE "ACCOUNT" ADD CONSTRAINT "ACCOUNTPK" PRIMARY KEY ("ID")
  USING INDEX PCTFREE 10 INITRANS 2 MAXTRANS 255 COMPUTE STATISTICS 
  STORAGE(INITIAL 65536 NEXT 1048576 MINEXTENTS 1 MAXEXTENTS 2147483645
  PCTINCREASE 0 FREELISTS 1 FREELIST GROUPS 1 BUFFER_POOL DEFAULT FLASH_CACHE DEFAULT CELL_FLASH_CACHE DEFAULT)
    ENABLE;
  ALTER TABLE "ACCOUNT" MODIFY ("USERNAME" NOT NULL ENABLE);
  ALTER TABLE "ACCOUNT" MODIFY ("SECURITY" NOT NULL ENABLE);
  ALTER TABLE "ACCOUNT" MODIFY ("SEC_USER_ID" NOT NULL ENABLE);
  ALTER TABLE "ACCOUNT" MODIFY ("PIN" NOT NULL ENABLE);
  ALTER TABLE "ACCOUNT" MODIFY ("BYTE_PASSWORD" NOT NULL ENABLE);
  ALTER TABLE "ACCOUNT" MODIFY ("ACT_TYPE_ID" NOT NULL ENABLE);
  ALTER TABLE "ACCOUNT" MODIFY ("VERSION" NOT NULL ENABLE);
  ALTER TABLE "ACCOUNT" MODIFY ("ID" NOT NULL ENABLE);
--------------------------------------------------------
--  Constraints for Table ACCOUNT_CATEGORY
--------------------------------------------------------

  ALTER TABLE "ACCOUNT_CATEGORY" ADD CONSTRAINT "ACCOUNT_CATEGPK" PRIMARY KEY ("ID")
  USING INDEX PCTFREE 10 INITRANS 2 MAXTRANS 255 COMPUTE STATISTICS 
  STORAGE(INITIAL 65536 NEXT 1048576 MINEXTENTS 1 MAXEXTENTS 2147483645
  PCTINCREASE 0 FREELISTS 1 FREELIST GROUPS 1 BUFFER_POOL DEFAULT FLASH_CACHE DEFAULT CELL_FLASH_CACHE DEFAULT)
    ENABLE;
  ALTER TABLE "ACCOUNT_CATEGORY" MODIFY ("CAT_SECURITY" NOT NULL ENABLE);
  ALTER TABLE "ACCOUNT_CATEGORY" MODIFY ("CAT_NAME" NOT NULL ENABLE);
  ALTER TABLE "ACCOUNT_CATEGORY" MODIFY ("VERSION" NOT NULL ENABLE);
  ALTER TABLE "ACCOUNT_CATEGORY" MODIFY ("ID" NOT NULL ENABLE);
--------------------------------------------------------
--  Constraints for Table ACCOUNT_TYPE
--------------------------------------------------------

  ALTER TABLE "ACCOUNT_TYPE" ADD CONSTRAINT "ACCOUNT_TYPEPK" PRIMARY KEY ("ID")
  USING INDEX PCTFREE 10 INITRANS 2 MAXTRANS 255 COMPUTE STATISTICS 
  STORAGE(INITIAL 65536 NEXT 1048576 MINEXTENTS 1 MAXEXTENTS 2147483645
  PCTINCREASE 0 FREELISTS 1 FREELIST GROUPS 1 BUFFER_POOL DEFAULT FLASH_CACHE DEFAULT CELL_FLASH_CACHE DEFAULT)
    ENABLE;
  ALTER TABLE "ACCOUNT_TYPE" MODIFY ("SERV_NAME" NOT NULL ENABLE);
  ALTER TABLE "ACCOUNT_TYPE" MODIFY ("CATEGORY_ID" NOT NULL ENABLE);
  ALTER TABLE "ACCOUNT_TYPE" MODIFY ("ACT_SECURITY" NOT NULL ENABLE);
  ALTER TABLE "ACCOUNT_TYPE" MODIFY ("VERSION" NOT NULL ENABLE);
  ALTER TABLE "ACCOUNT_TYPE" MODIFY ("ID" NOT NULL ENABLE);
--------------------------------------------------------
--  Constraints for Table SEC_ROLE
--------------------------------------------------------

  ALTER TABLE "SEC_ROLE" ADD CONSTRAINT "SEC_ROLEPK" PRIMARY KEY ("ID")
  USING INDEX PCTFREE 10 INITRANS 2 MAXTRANS 255 COMPUTE STATISTICS 
  STORAGE(INITIAL 65536 NEXT 1048576 MINEXTENTS 1 MAXEXTENTS 2147483645
  PCTINCREASE 0 FREELISTS 1 FREELIST GROUPS 1 BUFFER_POOL DEFAULT FLASH_CACHE DEFAULT CELL_FLASH_CACHE DEFAULT)
    ENABLE;
  ALTER TABLE "SEC_ROLE" MODIFY ("AUTHORITY" NOT NULL ENABLE);
  ALTER TABLE "SEC_ROLE" MODIFY ("VERSION" NOT NULL ENABLE);
  ALTER TABLE "SEC_ROLE" MODIFY ("ID" NOT NULL ENABLE);
--------------------------------------------------------
--  Constraints for Table SEC_USER
--------------------------------------------------------

  ALTER TABLE "SEC_USER" ADD CONSTRAINT "SEC_USERPK" PRIMARY KEY ("ID")
  USING INDEX PCTFREE 10 INITRANS 2 MAXTRANS 255 COMPUTE STATISTICS 
  STORAGE(INITIAL 65536 NEXT 1048576 MINEXTENTS 1 MAXEXTENTS 2147483645
  PCTINCREASE 0 FREELISTS 1 FREELIST GROUPS 1 BUFFER_POOL DEFAULT FLASH_CACHE DEFAULT CELL_FLASH_CACHE DEFAULT)
    ENABLE;
  ALTER TABLE "SEC_USER" MODIFY ("USERNAME" NOT NULL ENABLE);
  ALTER TABLE "SEC_USER" MODIFY ("PASSWORD_EXPIRED" NOT NULL ENABLE);
  ALTER TABLE "SEC_USER" MODIFY ("PASSWORD" NOT NULL ENABLE);
  ALTER TABLE "SEC_USER" MODIFY ("ENABLED" NOT NULL ENABLE);
  ALTER TABLE "SEC_USER" MODIFY ("EMAIL" NOT NULL ENABLE);
  ALTER TABLE "SEC_USER" MODIFY ("ACCOUNT_LOCKED" NOT NULL ENABLE);
  ALTER TABLE "SEC_USER" MODIFY ("ACCOUNT_EXPIRED" NOT NULL ENABLE);
  ALTER TABLE "SEC_USER" MODIFY ("VERSION" NOT NULL ENABLE);
  ALTER TABLE "SEC_USER" MODIFY ("ID" NOT NULL ENABLE);
--------------------------------------------------------
--  Constraints for Table SEC_USER_SEC_ROLE
--------------------------------------------------------

  ALTER TABLE "SEC_USER_SEC_ROLE" ADD CONSTRAINT "SEC_USER_SEC_PK" PRIMARY KEY ("SEC_ROLE_ID", "SEC_USER_ID")
  USING INDEX PCTFREE 10 INITRANS 2 MAXTRANS 255 COMPUTE STATISTICS 
  STORAGE(INITIAL 65536 NEXT 1048576 MINEXTENTS 1 MAXEXTENTS 2147483645
  PCTINCREASE 0 FREELISTS 1 FREELIST GROUPS 1 BUFFER_POOL DEFAULT FLASH_CACHE DEFAULT CELL_FLASH_CACHE DEFAULT)
    ENABLE;
  ALTER TABLE "SEC_USER_SEC_ROLE" MODIFY ("SEC_USER_ID" NOT NULL ENABLE);
  ALTER TABLE "SEC_USER_SEC_ROLE" MODIFY ("SEC_ROLE_ID" NOT NULL ENABLE);
--------------------------------------------------------
--  Ref Constraints for Table ACCOUNT
--------------------------------------------------------

  ALTER TABLE "ACCOUNT" ADD CONSTRAINT "FKB9D38A2D776BF350" FOREIGN KEY ("SEC_USER_ID")
	  REFERENCES "SEC_USER" ("ID") ENABLE;
  ALTER TABLE "ACCOUNT" ADD CONSTRAINT "FKB9D38A2DC97C028D" FOREIGN KEY ("ACT_TYPE_ID")
	  REFERENCES "ACCOUNT_TYPE" ("ID") ENABLE;
--------------------------------------------------------
--  Ref Constraints for Table ACCOUNT_TYPE
--------------------------------------------------------

  ALTER TABLE "ACCOUNT_TYPE" ADD CONSTRAINT "FK410E120CE120AEBA" FOREIGN KEY ("CATEGORY_ID")
	  REFERENCES "ACCOUNT_CATEGORY" ("ID") ENABLE;
--------------------------------------------------------
--  Ref Constraints for Table SEC_USER_SEC_ROLE
--------------------------------------------------------

  ALTER TABLE "SEC_USER_SEC_ROLE" ADD CONSTRAINT "FK6630E2A776BF350" FOREIGN KEY ("SEC_USER_ID")
	  REFERENCES "SEC_USER" ("ID") ENABLE;
  ALTER TABLE "SEC_USER_SEC_ROLE" ADD CONSTRAINT "FK6630E2AD2412F70" FOREIGN KEY ("SEC_ROLE_ID")
	  REFERENCES "SEC_ROLE" ("ID") ENABLE;
